slot,row,record_id,title,subjects,abstract,opus_label,reason
a,97,oai:catalogue.cioos.ca:72871653-e8ca-4591-ac88-141f8e05e1be,Boundary Pass Conductivity Temperature Depth Deployed 2018-03-26,['Ocean Networks Canada Society'],Ce Sea-Bird Microcat SBE37SMP-ODO 9537 a été déployé le 2018-03-26 au Boundary Pass. Boundary Pass est un détroit situé le long de la frontière entre l'État de Washington et la Colombie-Britannique. Il relie le Haro Strait au Strait of Georgia. Cet instrument est un Conductivité/Température/Profondeur. Conductivité Température Profondeur (CTD) est un nom abrégé pour un ensemble d'instruments qui c,no,"CTD instrument deployment; only conductivity, temperature and depth, no organisms. Same kind as scored error row 685."
a,31,oai:catalogue.cioos.ca:10-25976-f78l-dr06,Province of Alberta's North Saskatchewan River Basin Long Term River Network Program,"['Government of Alberta, Environment and Protected Areas']","La province de l'Alberta surveille la qualité de l'eau de surface dans les cours d'eau et les rivières de la province pour le compte des Albertains. La surveillance de la qualité de l'eau des rivières comprend des programmes de surveillance de base à long terme, ainsi que des études ciblées à court terme avec des questions scientifiques définies. Le Long Term River Network (LTRN) est un programme ",no,"River water quality monitoring programme, chemistry only. Same kind as scored errors 719 and 101."
a,574,oai:catalogue.cioos.ca:37f1e3fc-6314-44cb-a5c9-a5ad5ce5d183,Endeavour South Current Meter Deployed 2019-05-12,['Ocean Networks Canada Society'],"The Nortek Aquadopp Current Meter A2L2490 was deployed on 2019-05-12 at Endeavour South. This south section of the Endeavour Hydrothermal Vents includes two moorings to monitor the regional circulation. This device is a Current Meter. Acoustic Current Meters (ACM) measure current speed and direction, using the Doppler Effect. Aquadopp current meters have a sensor head that contains 3 acoustic tran",no,Current meter deployment at hydrothermal vents; current speed only. Same kind as scored error 128.
b,224,oai:borealisdata.ca-dataverse-odesi-data:595293_493340,"International Travel Survey, 2007: Overseas Resident Trips To Canada","['Social Sciences' 'Travel' 'Ports of Entry and Exit' 'Length of Stay'
 'Destination' 'Activities' 'Number in Party'
 'Overseas Resident Trips to Canada' 'Purpose of Trip' 'Total Cost'
 'Accommodation' 'Method of Transportation' 'Distance Travelled'
 'Age Group' 'Canadian Region']",Records relate to the activities of Overseas Residents' travelling to Canada; ports of entry and exit by date; method of transportation to enter and exit; destination; length of stay; number in party; age groups; purpose of trip; type of accommodation used; expenditure by categories.,no,"Travel survey: trips, length of stay, spending. No organisms."
b,331,oai:borealisdata.ca-dataverse-odesi-data:607488_493340,"Survey of Household Spending, 1997 [Canada]","['Social Sciences' 'Internet' 'Reading materials' 'Telephones' 'Travel'
 'Surveys' 'Fuel costs' 'Refrigerators' 'Dwelling characteristics'
 'Compact disc players' 'Recreation' 'Tobacco products' 'Cable television'
 'Dwellings' 'Pensions' 'Clothing' 'Food' 'Computers'
 'Audiovisual materials' 'Video recorders' 'Washing machines and dryers'
 'Taxes' 'Alcoholic beverages' 'Period of construction'
 'Furniture and fixtures' 'Electrical appliances'
 'Personal finance and household finance' 'Motor vehicles'
 'Consumer Surveys' 'Accommodation costs' 'Cellular telephones'
 'Insurance payments' 'Communications' 'Education' 'Freezers'
 'Household expenditures' 'Head of household' 'Heating systems'
 'Health care' 'Televisions' 'Child care needs' 'Internet use'
 'Social surveys' 'Dishwashers' 'Bathrooms' 'Air conditioners'
 'Property tenure' 'Transportation services' 'Expenditures']","The public-use microdata file for the Survey of Household Spending provides detailed information on household expenditures, dwelling characteristics, and ownership of household equipment such as appliances, audio and video equipment, and vehicles. Expenditure categories include: shelter expenses, furnishings and equipment, cost of running the home, communications, child care, food, alcohol and tob",no,Household spending survey: expenditures and household equipment.
b,191,oai:borealisdata.ca-dataverse-carleton:81898_157_81319_81325_81754,"Canadian Gallup Poll, September 1998","['Social Sciences' 'Public Opinion Polls' 'Public Opinion Poll' 'Canada'
 'Elections and Politics']","This Gallup poll seeks the opinions of Canadians, on predominantly economic, political, and social issues. The questions ask opinions of the past federal election, the current economic situation, and the leadership race for the Progressive Conservative Party. There are also questions on other topics of interest such as whether or not one would admit to having a sexual affair, Bill Clinton, the Mon",no,Opinion poll on economic and political issues. Note: close twin of scored row 425 (Gallup Poll 1987).
c,694,oai:catalogue.data.gov.bc.ca:sh-sh-lh-bc-land-use-planning-boundary,shíshálh-BC Land Use Planning Boundary,"['shíshálh-BC Land Use Planning Boundary' 'shíshálh'
 'Land Use Plan Administrative Boundary' 'LUP Boundary' 'Land Use Plan']",This spatial dataset represents the outer boundary of the shíshálh-B.C. Land Use Planning area. The boundary defines the extent of the land base covered under the shíshálh-B.C. Land Use Planning process. A zipped folder containing the shapefile for this dataset can be downloaded here: https://coms.api.gov.bc.ca/api/v1/object/59f42a0b-ce65-48e6-ad1b-b9c4b1c5e952,no,Land use planning area outer boundary; states no ecological purpose and names no organisms.
c,185,oai:catalogue.data.gov.bc.ca:pending-pesticide-operating-zone-110381,Pending pesticide operating zone 110381,['Coast Region' 'Vancouver Island Region' 'Nanaimo'],The Operating Zone and the proposed pesticide application areas,no,"Pesticide operating zone polygon; administrative, no species or ecological purpose."
c,334,oai:open.canada.ca:053026eb-156a-14c3-727e-870a05b9ec57,Lands Closed to Hunting in Manitoba,['nature_and_environment'],"Le but de cet ensemble de données est de donner une représentation précise des limites des terres interdites à la chasse au Manitoba. Le but de cet ensemble de données est de donner une représentation précise des limites des terres interdites à la chasse au Manitoba. Ces terres sont définies comme des terres où la chasse et le piégeage sont soit interdits, soit des restrictions spéciales sont en p",yes,"Hunting-closure boundaries, names no species. CHECK LABEL: Opus says yes, but boundary question 1 (wildlife management boundaries naming no species) says no."
d,330,oai:open.alberta.ca:gda-700d8149-81f2-41bb-90a8-3bd947c9b563,Renewable Energy Wildlife Habitat Sensitivity Risk,"['NON-ACCESSIBLE-AREAS' 'WILDLIFE-HABITAT' 'CRITICAL-WILDLIFE-ZONES'
 'RENEWABLE-ENERGY' 'RISK-VALUES']",The goal of this dataset is to help guide the site selection process to areas with lower risk to Alberta's wildlife and wildlife habitat. The dataset was developed in concert with the Wildlife Directive for Alberta Wind Energy Projects and Wildlife Directive for Alberta Solar Energy Projects and reflects potential risks to wildlife and wildlife habitat. Risk value zones and habitat features identi,yes,Wildlife habitat sensitivity risk layer; stated goal is lower risk to wildlife and habitat.
d,737,oai:niagaraopendata.ca:linkages,Linkages,['Natural' 'OpenData' '__id__3911' 'Environment' 'New Official Plan'],"An area, that may or may not be associated with the presence of existing natural features and areas, that provides and maintains ecological connectivity between core areas consisting of natural features and areas, and supports a range of community and ecosystem processes enabling plants and animals to move among natural heritage features, in some cases over multiple generations, thereby supporting",yes,Natural heritage linkages; abstract states ecological connectivity so plants and animals can move.
d,848,oai:catalogue.data.gov.bc.ca:snowmobile-management-areas-access-management-areas-ama,Snowmobile Management Areas - Access Management Areas (AMA),"['critical core habitat' 'BC' 'management area' 'recovery' 'snowmobile'
 'mountain caribou']",Areas where access is controlled as to when and under what conditions they may be used by snowmobiles for recreation. These areas may be open with conditions or closed,yes,Snowmobile access areas; subjects name mountain caribou critical core habitat and recovery.
e,472,oai:open.canada.ca:30e31f61-97a8-4e87-a339-87bf6f138428,Maritimes Region Fisheries Atlas: Catch Weight Landings Mapping (2019–2023),['nature_and_environment'],"Ces couches de données montrent les débarquements par poids des prises issues de la pêche commerciale en tenant compte des pêches dirigées et des prises accessoires pour la plate-forme Néo-Écossaise, la baie de Fundy et le banc de Georges des divisions 4VWX de l'Organisation des pêches de l'Atlantique Nord-Ouest (OPANO) et les portions canadiennes des divisions 5Y et 5Z. Les cartes composites sur ",yes,"Commercial landings by catch weight, mapped for selected species or species groups (full abstract says so). Closest match to scored error row 39 (DFO catch 1998)."
e,620,oai:open.canada.ca:f0299fb3-73b9-4977-b96a-c83bd84ebdc4,Reports of Atlantic salmon captured in BC waters,['nature_and_environment'],"Le Programme de surveillance du saumon atlantique (PSSA) de Pêches et Océans Canada (MPO) surveille les déclarations de prises commerciales et récréatives et recueille des renseignements provenant d'observations de saumons atlantiques dans les eaux de la Colombie-Britannique fournis volontairement. Outre les données recueillies dans le cadre des activités de surveillance du MPO, le programme s'app",yes,Commercial and recreational catch reports of one species (Atlantic salmon) in BC waters.
e,802,oai:open.canada.ca:4bc13aa2-80c9-441b-8f46-0b9574109b93,History of Grizzly Bear Mortalities,['society_and_culture'],"Translation of This data set, from the Ministry of Forests, Lands, Natural Resource Operations and Rural Development Compulsory Inspection Database, is a summary of known human-caused grizzly bear mortalities by management unit and grizzly bear population unit in British Columbia from 1976 to 2017.",yes,"Human-caused grizzly bear mortalities (incl. hunting) by management and population unit, 1976-2017."
f,671,oai:datadryad.org:doi:10.5061/dryad.86337,Data from: Chemogenetic interrogation of a brain-wide fear memory network in mice,"['reuniens thalamic nucleus' 'functional connectivity'
 'laterodorsal thalamic nucleus' 'contextual fear conditioning'
 'chemogenetics' 'Neocortex' 'Hippocampus' 'CA1' 'lateral septal nucleus']","Behavior depends on coordinated activity across multiple brain regions. Within such networks, highly connected hub regions are assumed to disproportionately influence behavioral output, although this hypothesis has not been systematically evaluated. Previously, by mapping brain-wide expression of the activity-regulated gene c-fos, we identified a network of brain regions co-activated by fear memor",no,Lab mouse chemogenetics and fear memory; standard lab model organism.
f,503,oai:datadryad.org:doi:10.5061/dryad.280gb5mzw,IFN-γ primes bone marrow neutrophils to acquire regulatory functions in severe viral respiratory infections,"['SARS-CoV-2' 'mmune regulation' 'Neutrophils' 'IFN' 'Immunopathology'
 'ards' 'PD-L1' 'Lungs' 'Influenza A virus']","Neutrophil subsets endowed with regulatory/suppressive properties are widely regarded as deleterious immune cells that can jeopardize antitumoral response and/or antimicrobial resistance. Here, we describe a sizeable fraction of neutrophils characterized by the expression of Programmed death-ligand 1 (PD-L1) in biological fluids of humans and mice with severe viral respiratory infections (VRI). Bi",no,"Biomedical immunology (neutrophils, SARS-CoV-2, influenza); no wild organisms."
f,18,oai:borealisdata.ca-dataverse-ubc:153019_150149,Data from: Parallelism in adaptive radiations of experimental Escherichia coli populations,"['Other' 'eco-evolutionary feedbacks' 'Escherichia coli' 'niche expansion'
 'diversification' 'divergence']","Abstract Adaptive radiations are major contributors to species diversity. While the underlying mechanisms of adaptive radiations, specialization and trade-offs, are relatively well understood, the tempo and repeatability of adaptive radiations remain elusive. Ecological specialization can occur through the expansion into novel niches or through partitioning of an existing niche. To test how the mo",yes,"Experimental E. coli populations, a named out-of-scope case. CHECK LABEL: Opus says yes, the 2026-09-24 rule says no."
g,300,oai:pangaea.de:10.1594/pangaea.967652,"Seawater carbonate chemistry and freeze tolerant of subtidal Mytilus trossulus and subtidal M. galloprovincialis, and intertidal M. trossulus","['Acetate, per wet mass' 'pH, total scale' 'Mollusca' 'Taurine' 'Malonate'
 'Mytilus trossulus' 'Experiment' 'Alanine' 'Single species'
 'North Pacific' 'Bottles or small containers/Aquaria (<20 L)'
 'Species, unique identification' 'Coast and continental shelf'
 'Carbon dioxide' 'Trimethylamine N-oxide' 'Lysine' 'Treatment'
 'Aspartate' 'Animalia'
 'Partial pressure of carbon dioxide (water) at sea surface temperature (wet air)'
 'Acetoacetate' 'Temperature, air' 'Malate, per wet mass'
 'Laboratory experiment' 'Mass' 'Lactate, per wet mass' 'Individuals'
 'beta-Alanine' 'Amino acids'
 'Polyunsaturated fatty acids of total fatty acids'
 'Monounsaturated fatty acids of total fatty acids'
 'Mytilus galloprovincialis'
 'Fugacity of carbon dioxide (water) at sea surface temperature (wet air)'
 'Calcite saturation state' 'Glutamate' 'Name'
 'Aragonite saturation state' 'Salinity'
 'Other studied parameter or process' 'Type' 'Carbonate ion'
 'Alkalinity, total' 'Adenosine monophosphate, per wet mass'
 'Mortality/Survival' 'Benthos' 'Fatty acids' 'Betaine'
 'Species, unique identification (Semantic URI)'
 'Calculated using seacarb after Nisumaa et al. (2010)' 'Proline'
 'Sample ID' 'Ocean acidification' 'Asparagine' 'Type of study'
 'Temperature, water' 'Trimethylamine' 'Arginine' 'Bicarbonate ion'
 'Species, unique identification (URI)'
 'Ocean Acidification International Coordination Centre (OA-ICC)'
 'Saturated fatty acids of total fatty acids'
 'Carbon, inorganic, dissolved' 'Temperate' 'Succinate, per wet mass'
 'Benthic animals' 'Glycine' 'Guanidoacetate' 'Event label'
 'Carbonate system computation flag']","A full-factorial experiment was used to study whether ocean acidification increases mortality in subtidal Mytilus trossulus and subtidal M. galloprovincialis, and intertidal M. trossulus following sub-zero air temperature exposure. We examined physiological processes behind variation in freeze tolerance using 1H NMR metabolomics, analyses of fatty acids, and amino acid composition. This dataset is",yes,Factorial lab experiment on wild mussels (Mytilus trossulus) under acidification and freezing.
g,129,oai:borealisdata.ca-dataverse-guelph:1025626_16_41153_41158,"Effect of polyethylene microplastics on the overwintering and nesting behaviour of the common field ant, Lasius neoniger dataset","['Earth and Environmental Sciences' 'entomology' 'microplastic'
 'myrmecology' 'ecotoxicology']","Dataset related to the effects of microplastic exposure on Lasius neoniger overwintering and nesting behaviour of the common field ant, Lasius neoniger (Emery) (Hymenoptera: Formicidae). This research investigates the impact of polyethylene microplastics on Lasius neoniger behaviour and mortality during overwintering and nesting. These trials were conducted under laboratory conditions on whole col",yes,Ecotoxicology: microplastic exposure on a native field ant (Lasius neoniger).
g,677,oai:open.canada.ca:ed5b598c-04f5-4b27-9acd-376f30d14962,Lethal and sublethal toxicity of ytterbium (Yb) in rainbow trout juveniles,['nature_and_environment'],"L'ytterbium (Yb), un élément de terre rare lourd, est un élément technologique essentiel qui se retrouve dans les eaux usées urbaines provenant des sites d'élimination des déchets solides. Le but de cette étude était d'analyser la toxicité létale et sous-létale de Yb chez les juvéniles de truites arc-en-ciel. Ils ont été exposés à des concentrations croissantes de Yb³⁺ (0,06–40 mg/L) pendant 96 he",yes,"Ecotoxicology: ytterbium toxicity in juvenile rainbow trout. Alternative: row 184, fathead minnow larvae, a close twin of scored row 618."
h,890,oai:datadryad.org:doi:10.5061/dryad.521ng,Data from: Landscape connectivity predicts chronic wasting disease risk in Canada,"['circuit theory' 'mule deer' 'Odocoileus hemionus' 'Euclidian distance'
 'Odocoileus virginianus' 'movement modeling' 'step selection function']",Predicting the spatial pattern of disease risk in wild animal populations is important for implementing effective control programmes. We developed a risk model predicting the probability that a deer harvested in a wild population was chronic wasting disease positive (CWD+) and evaluated the importance of landscape connectivity based on deer movements. We quantified landscape connectivity from deer,yes,Chronic wasting disease risk in wild mule and white-tailed deer.
h,506,oai:borealisdata.ca-dataverse-toronto:1190145,Replication Data for Trends and predictors of beech bark disease (BBD) in an unmanaged old-growth forest,"['Earth and Environmental Sciences'
 'beech bark disease symptom severity rankings']",This dataset contains field measurements from the 2021 and 2025 Beech Bark Disease (BBD) severity assessments of the Halliburton Forest Dynamics Plot (HFDP). It also includes corresponding geomorphometric parameters derived using the System for Automated Geoscientific Analyses (SAGA GIS v. 9.12.4),yes,Beech bark disease severity field assessments in an old-growth forest plot.
h,12,oai:datadryad.org:doi:10.5061/dryad.t7b1b05,"Data from: Phylogeny, evidence for a cryptic plastid, and distribution of Chytriodinium parasites (Dinophyceae) infecting copepods",[],"Spores of the dinoflagellate Chytriodinium are known to infest copepod eggs causing their lethality. Despite the potential to control the population of such an ecologically important host, knowledge about Chytriodinium parasites is limited: we know little about phylogeny, parasitism, abundance, or geographical distribution. We carried out genome sequence surveys on four manually isolated sporocyte",yes,Chytriodinium parasites of copepod eggs: phylogeny and distribution.
i,252,oai:open.canada.ca:ea19053d-95bb-4f34-b4bd-e9d29a46efe5,Rocky Mountain Ridged Mussel Distribution Survey Data,['nature_and_environment' 'science_and_technology'],"Données de relevés indiquant la présence de la gonidée des Rocheuses (Gonidea angulata), une espèce en voie de disparition, de 2008 à 2011. Les relevés ont été effectués par différents chercheurs à différents endroits.",yes,"Presence survey of an endangered mussel (Gonidea angulata), 2008-2011."
i,63,oai:catalogue.cioos.ca:ca-cioos_01c85cfa-450f-41f1-a582-d56175cd0caa,Lampsilis Fresh Water Fish Survey in the St. Lawrence River (2007-2009),"['Université du Québec à Trois-Rivières'
 'Ministère des Forêts, de la Faune et des Parcs']","Ces données ont été récoltées à bord du Lampsilis (saison 2009) et cette étude ciblait sept espèces de poissons soit le brochet, le doré, la perchaude, le meunier noir, le crapet-soleil, la barbotte brune et l'esturgeon jaune. Vingt-deux stations le long de la portion eau douce du fleuve Saint-Laurent ont été échantillonnées à l'aide d'un chalut et l'ensemble des espèces pêchées ont été recensées.",yes,"Freshwater fish survey, seven named species at 22 St. Lawrence stations."
i,713,oai:open.canada.ca:4107dc81-79c0-406e-a1e6-301509d9e506,Kokanee Spawning Counts - Kluane,['nature_and_environment'],"Le parc national et la réserve de parc national Kluane servent d'habitat à la seule population de saumons rouges (Oncorhynchus nerka) présente naturellement dans le réseau de parcs nationaux du Canada. En 2002, la population a subi un déclin important qui a réduit considérablement les effectifs pendant plus d'une décennie. Les causes de ce déclin demeurent inconnues, et il importe de soumettre l'e",yes,Spawning counts of the kokanee/sockeye population in Kluane.
