datasource,records
urn:node:HAKAI_IYS,36218
urn:node:BOREALIS,3604
urn:node:DRYAD,1461
urn:node:NCEI,689
urn:node:PANGAEA,509
urn:node:KNB,303
urn:node:USGS_SDC,218
urn:node:CANWIN,189
urn:node:ARCTIC,174
urn:node:HD,116
urn:node:ESS_DIVE,97
urn:node:PISCO,69
urn:node:LTER,62
urn:node:GOA,60
urn:node:BCODMO,55
urn:node:OBIS,54
urn:node:HYDROSHARE,53
urn:node:RW,39
urn:node:EDI,38
urn:node:TDAR,23
urn:node:GRIIDC,16
urn:node:OBIS_SEAMAP,14
urn:node:NSIDC,11
urn:node:SANPARKS,7
urn:node:IEDA_MGDL,6
