title,organisation,licence,offers,formats,modified,url,about
Surficial Geology - Kootenay Region,BC Geological Survey,Open Government Licence - British Columbia,service,MULTIPLE,2021-12-10,https://catalogue.data.gov.bc.ca/dataset/surficial-geology-kootenay-region,Surficial Geology for the Kootenay Region (qgeol_r4)
Park Trails in the Okanagan Region,BC Parks,Open Government Licence - British Columbia,service,MULTIPLE,2021-12-10,https://catalogue.data.gov.bc.ca/dataset/park-trails-in-the-okanagan-region,"Public recreational use trails located within Cascade, Cathedral and E.C. Manning Provincial Park"
Protected Area Strategy Goal 2 Candidate Areas - Kootenay Boundary LUP,BC Parks,Open Government Licence - British Columbia,service,MULTIPLE,2021-12-10,https://catalogue.data.gov.bc.ca/dataset/protected-area-strategy-goal-2-candidate-areas-kootenay-boundary-lup,"Protected Area Strategy Goal 2 Candidate Areas, B List Candidates, for the Kootenay Boundary Landuse Plan (tpas2_r4)"
Protected Area Strategy Goal 2 Candidate Trails - Kootenay Boundary LUP,BC Parks,Open Government Licence - British Columbia,service,MULTIPLE,2021-12-10,https://catalogue.data.gov.bc.ca/dataset/protected-area-strategy-goal-2-candidate-trails-kootenay-boundary-lup,"Protected Area Strategy Goal 2 Candidate Trails, B List Candidates, for the Kootenay Boundary Landuse Plan"
Census Consolidated Subdivisions (all years),BC Stats,Open Government Licence - Canada,service,MULTIPLE,2021-12-10,https://catalogue.data.gov.bc.ca/dataset/census-consolidated-subdivisions-all-years-,"A census consolidated subdivision (CCS) is a statistical area of aggregated census subdivisions used by the Census of Agriculture. A census consolidated subdivision is a grouping of adjacent census subdivisions. Generally, the smaller more urban census subdivisions (towns, villages, etc.) are combin"
Census Dissemination Areas (All Years),BC Stats,Open Government Licence - Canada,service,MULTIPLE,2023-04-04,https://catalogue.data.gov.bc.ca/dataset/census-dissemination-areas-all-years-,Please note this data is only licensed for use by specific government agencies. The Dissemination Area Boundary Files portray the dissemination area boundaries all census years from 2006 to 2016. A dissemination area is a small area composed of one or more neighbouring blocks and is the smallest sta
Census Division Boundaries (All Years),BC Stats,Open Government Licence - Canada,service,MULTIPLE,2021-12-10,https://catalogue.data.gov.bc.ca/dataset/census-division-boundaries-all-years-,"A census division is an administrative area, which is a component of the Standard Geographical Classification and comprised of census subdivisions. Census division is the general term for provincially legislated areas (such as regional municipality and regional district) or their equivalents. Census"
Census Economic Regions (All Years),BC Stats,Open Government Licence - Canada,service,MULTIPLE,2021-12-10,https://catalogue.data.gov.bc.ca/dataset/census-economic-regions-all-years-,An economic region (ER) is a grouping of complete census divisions created as a standard geographic area for analysis of regional economic activity. The dataset contains all census years from 2006 to 2016.
Census Metropolitan Areas (All Years),BC Stats,Open Government Licence - Canada,service,MULTIPLE,2021-12-10,https://catalogue.data.gov.bc.ca/dataset/census-metropolitan-areas-all-years-,"A census metropolitan area (CMA) or a census agglomeration (CA) is formed by one or more adjacent municipalities centred on a large urban area (known as the urban core). The census population count of the urban core is at least 10,000 to form a census agglomeration and at least 50,000 to form a cens"
Census Subdivision Boundaries (All Years),BC Stats,Open Government Licence - Canada,service,MULTIPLE,2023-07-20,https://catalogue.data.gov.bc.ca/dataset/census-subdivision-boundaries-all-years-,"A census subdivision is an administrative area, which is a component of the Standard Geographical Classification. Census subdivision is the general term for municipalities, as determined by provincial legislation, or areas treated as municipal equivalents for statistical purposes, for example, India"
Census Tracts (All Years),BC Stats,Open Government Licence - Canada,service,MULTIPLE,2023-11-05,https://catalogue.data.gov.bc.ca/dataset/census-tracts-all-years-,"The Census Tract Boundary Files portray the census tract boundaries for which Census data are disseminated. Census tracts are small, relatively stable geographic areas that usually have a population of 2,500 to 8,000. They are located in census metropolitan areas and in census agglomerations with an"
CEEI Supporting Indicators Total 1996 Communities,Climate Partnerships and Engagement Branch,Open Government Licence - British Columbia,service,MULTIPLE,2023-03-20,https://catalogue.data.gov.bc.ca/dataset/ceei-supporting-indicators-total-1996-communities,Community Energy and Emissions Inventory (CEEI) Supporting Indicators Total 1996 Reporting Year by Community
CEEI Supporting Indicators Total 1996 Regional Districts,Climate Partnerships and Engagement Branch,Open Government Licence - British Columbia,service,MULTIPLE,2023-03-20,https://catalogue.data.gov.bc.ca/dataset/ceei-supporting-indicators-total-1996-regional-districts,Community Energy and Emissions Inventory (CEEI) Supporting Indicators Total 1996 Reporting Year by Regional District
CEEI Supporting Indicators Total 2001 Communities,Climate Partnerships and Engagement Branch,Open Government Licence - British Columbia,service,MULTIPLE,2023-03-20,https://catalogue.data.gov.bc.ca/dataset/ceei-supporting-indicators-total-2001-communities,Community Energy and Emissions Inventory (CEEI) Supporting Indicators Total 2001 Reporting Year by Community
CEEI Supporting Indicators Total 2001 Regional Districts,Climate Partnerships and Engagement Branch,Open Government Licence - British Columbia,service,MULTIPLE,2023-03-20,https://catalogue.data.gov.bc.ca/dataset/ceei-supporting-indicators-total-2001-regional-districts,Community Energy and Emissions Inventory (CEEI) Supporting Indicators Total 2001 Reporting Year by Regional District
CEEI Supporting Indicators Total 2006 Communities,Climate Partnerships and Engagement Branch,Open Government Licence - British Columbia,service,MULTIPLE,2023-03-20,https://catalogue.data.gov.bc.ca/dataset/ceei-supporting-indicators-total-2006-communities,Community Energy and Emissions Inventory (CEEI) Supporting Indicators Total 2006 Reporting Year by Community
CEEI Supporting Indicators Total 2006 Regional Districts,Climate Partnerships and Engagement Branch,Open Government Licence - British Columbia,service,MULTIPLE,2023-03-20,https://catalogue.data.gov.bc.ca/dataset/ceei-supporting-indicators-total-2006-regional-districts,Community Energy and Emissions Inventory (CEEI) Supporting Indicators Total 2006 Reporting Year by Regional District
CEEI Supporting Indicators Total 2009 Communities,Climate Partnerships and Engagement Branch,Open Government Licence - British Columbia,service,MULTIPLE,2023-03-20,https://catalogue.data.gov.bc.ca/dataset/ceei-supporting-indicators-total-2009-communities,Community Energy and Emissions Inventory (CEEI) Supporting Indicators Total 2009 Reporting Year by Community
CEEI Supporting Indicators Total 2009 Regional Districts,Climate Partnerships and Engagement Branch,Open Government Licence - British Columbia,service,MULTIPLE,2023-03-20,https://catalogue.data.gov.bc.ca/dataset/ceei-supporting-indicators-total-2009-regional-districts,Community Energy and Emissions Inventory (CEEI) Supporting Indicators Total 2009 Reporting Year by Regional District
Boreal Caribou Core Habitat Areas - Peace Region,Ecosystems,Open Government Licence - British Columbia,service,MULTIPLE,2022-10-28,https://catalogue.data.gov.bc.ca/dataset/boreal-caribou-core-habitat-areas-peace-region,"Boreal caribou core habitat areas for the Peace Region are areas of high current capability and suitability based on boreal caribou habitat requirements and known use (via surveys, telemetry studies, etc.)"
Grassland  and Shrub-Steppe South Okanagan-Similkameen SOSCP,Ecosystems,Open Government Licence - British Columbia,service,MULTIPLE,2021-12-10,https://catalogue.data.gov.bc.ca/dataset/grassland-and-shrub-steppe-south-okanagan-similkameen-soscp,Grassland and Shrub-steppe Habitat coverage for the South Okanagan-Similkameen Conservation Program Area of Interest.
Grizzly Class 1 and 2 Habitat for the Mid-Coast Forest District,Ecosystems,Open Government Licence - British Columbia,service,MULTIPLE,2023-06-12,https://catalogue.data.gov.bc.ca/dataset/grizzly-class-1-and-2-habitat-for-the-mid-coast-forest-district,Grizzly bear habitat to be incorporated into the Central Coast Land and Coastal Resource Management Plan
Mountain Goat Inventory Areas for the Mid-Coast Forest District,Ecosystems,Open Government Licence - British Columbia,service,MULTIPLE,2023-04-27,https://catalogue.data.gov.bc.ca/dataset/mountain-goat-inventory-areas-for-the-mid-coast-forest-district,Inventory Units (Mountain Blocks) for Mountain Goats (Oreamnos americanus) in the Mid Coast portion of the Central Coast/ Port McNeil Forest District
2024 Provincial General Election Voting Areas to Voting Place Assignment,Elections BC,Elections BC Open Data Licence,service,MULTIPLE,2026-09-23,https://catalogue.data.gov.bc.ca/dataset/2024-provincial-general-election-voting-areas-to-voting-place-assignment,"This dataset contains a spatial representation of the assignment of electoral district voting areas (VAs) to final voting places for the 43rd Provincial General Election held on October 19th, 2024. "
FWCP Columbia Basin Dam Units,Fish and Wildlife Compensation Program,Open Government Licence - British Columbia,service,MULTIPLE,2021-12-10,https://catalogue.data.gov.bc.ca/dataset/fwcp-columbia-basin-dam-units,Units dividing the Columbia Basin in to BC Hydro reservoir-based watersheds
BEC Map - Attribute Catalogue,Forest Analysis and Inventory Branch,Open Government Licence - British Columbia,service,MULTIPLE,2026-07-09,https://catalogue.data.gov.bc.ca/dataset/bec-map-attribute-catalogue,"A list of the various 'regional' (zone/subzone/variant/phase) ecological units of the current biogeoclimatic ecosystem classification. It is consistent with the biogeoclimatic subzone/variant map (BEC_BIOGEOCLIMATIC_POLY, version 13.1, July 8, 2026). At this 'regional' level, vegetation, soils and t"
BEC Site Series - Attribute Catalogue,Forest Analysis and Inventory Branch,Open Government Licence - British Columbia,service,MULTIPLE,2026-07-09,https://catalogue.data.gov.bc.ca/dataset/bec-site-series-attribute-catalogue,"A list of the site series ecological units of the current biogeoclimatic ecosystem classification. It is consistent with the biogeoclimatic subzone/variant map (BEC_BIOGEOCLIMATIC_POLY, version 13.1, July 8, 2026). Site series are subdivisions of the biogeoclimatic subzone/variant, and describe site"
Fire Maintained Ecosystem Restoration for the Rocky Mountain Forest District,Forest Analysis and Inventory Branch,Open Government Licence - British Columbia,service,MULTIPLE,2021-12-10,https://catalogue.data.gov.bc.ca/dataset/fire-maintained-ecosystem-restoration-for-the-rocky-mountain-forest-district,"Fire maintained ecosystem restoration for the Rocky Mountain Forest District. The data was provided by MOFR/Interior Reforestation and compiled based on the various sources including VRI, BEC, TSR2 Algorithm 2003, etc."
Seed Planning Unit Geometry,Forest Improvement and Research Management Branch,Open Government Licence - British Columbia,service,MULTIPLE,2021-12-10,https://catalogue.data.gov.bc.ca/dataset/seed-planning-unit-geometry,Seed Planning Unit (SPU) geometry is comprised of Seed Planning Zone geometry delineated by elevation ranges. Each SEED_PLAN_UNIT_ID relates to a SEED_PLAN_ZONE for a specific tree species and minimum/maximum elevation in meters. Seed Planning Units only apply to Genetic Class A (orchard/parent tree
Seed Planning Zone Geometry,Forest Improvement and Research Management Branch,Open Government Licence - British Columbia,service,MULTIPLE,2021-12-10,https://catalogue.data.gov.bc.ca/dataset/seed-planning-zone-geometry,"Seed Planning Zone (SPZ) geometry is comprised of geographic areas of the province that are characterized by common ecological and genetic attributes for a given forest tree species. SPZ's are used for seedlot registration, seed planning, seed transfer and seedlot selection for reforestation. The ge"
FDU - Forest Licence Reference,"Forest Science, Planning and Practices Branch",Open Government Licence - British Columbia,service,MULTIPLE,2026-09-24,https://catalogue.data.gov.bc.ca/dataset/fdu-forest-licence-reference,"A cross reference table that allows for the relationship between a Forest Development Unit and a forest licence. An FDU may contain many licences, and a licence may be included in many FDUs"
FSP Agreement Holders,"Forest Science, Planning and Practices Branch",Open Government Licence - British Columbia,service,MULTIPLE,2026-09-24,https://catalogue.data.gov.bc.ca/dataset/fsp-agreement-holders,Licensees who hold Forest Stewardship Plan agreements
Pest Infestation Points,"Forest Science, Planning and Practices Branch",Open Government Licence - British Columbia,service,MULTIPLE,2026-06-04,https://catalogue.data.gov.bc.ca/dataset/pest-infestation-points,"Forest disturbances mapped primarily by the annual provincial aerial overview survey are recorded as polygons or spots (point data). This data set represents the spot (point) data. Each spot is labelled by the year of survey, forest health factor (disturbance agent), severity class, area, numbers of"
RESULTS - Forest Cover Inventory,"Forest Science, Planning and Practices Branch",Open Government Licence - British Columbia,service,MULTIPLE WMS,2026-09-24,https://catalogue.data.gov.bc.ca/dataset/results-forest-cover-inventory,"RESULTS opening's forest cover polygons with inventory component provided. Current forest cover submissions into RESULTS must contain attribute and map information. However, there are historical forest cover polygon information where maps are not available. Forest Cover is provided at three critical"
RESULTS - Forest Cover Species (Attribute Only),"Forest Science, Planning and Practices Branch",Open Government Licence - British Columbia,service,MULTIPLE,2026-09-24,https://catalogue.data.gov.bc.ca/dataset/results-forest-cover-species-attribute-only,The tree species contained within RESULT's FOREST COVER inventory and silviculture components. This view contains attribute data and is intended to be joined with the other results views to provide additional forest cover polygon species information. This is a part of Silviculture and Land Status Tr
RESULTS - Openings (Attribute Only),"Forest Science, Planning and Practices Branch",Open Government Licence - British Columbia,service,MULTIPLE,2026-09-24,https://catalogue.data.gov.bc.ca/dataset/results-openings-attribute-only,This layer contains attribute Opening information only and can be used in conjunction with other layers. RESULTS Openings is an administrative boundary that has been harvested with reforestation obligations or natural disturbance with intended forest management on Crown Land. This is a part of the S
RESULTS - Planting,"Forest Science, Planning and Practices Branch",Open Government Licence - British Columbia,service,MULTIPLE WMS,2026-09-24,https://catalogue.data.gov.bc.ca/dataset/results-planting,Planting activities reported on openings into RESULTS. More than one planting activitiy may occur within an opening. Planting activiites may also overlap. Planting attribute reporting is mandatory requirement while planting maps are optional. Planting reports includes species and seedlot information
RESULTS - Standards Units,"Forest Science, Planning and Practices Branch",Open Government Licence - British Columbia,service,MULTIPLE WMS,2026-09-24,https://catalogue.data.gov.bc.ca/dataset/results-standards-units,Standards Units for an opening represents desired soil conservation limits and stocking outcomes for the defined net area to be reforested. An opening may have one or more standard units. Standards Units may not overlap. Older records may not have standard unit maps available. Stocking standards rep
FADM - Special Purpose Areas,Forest Tenures Branch,Open Government Licence - British Columbia,service,MULTIPLE,2026-04-21,https://catalogue.data.gov.bc.ca/dataset/fadm-special-purpose-areas,"This dataset contains information on areas of the Province set aside as a Special Purpose Area as described under Part 15 of the Forest Act. These special purpose areas maybe intended for conservation, First Nations accommodation or Treaty, Access, or tenure opportunities. ***Note: this dataset does"
FADM - Timber Supply Areas (TSA) and Blocks (TSB),Forest Tenures Branch,Open Government Licence - British Columbia,service,MULTIPLE ORACLE_SDE,2026-04-16,https://catalogue.data.gov.bc.ca/dataset/fadm-timber-supply-areas-tsa-and-blocks-tsb-,"The spatial representation for a Timber Supply Area or TSA Supply Block: A Timber Supply Area is a designated area established by the Ministry in order to practice sound, integrated, resource management principles to improve the allowable annual cuts. TSAs were originally defined by an established p"
Forest Tenure Map Notation Point,Forest Tenures Branch,Open Government Licence - British Columbia,service,MULTIPLE WMS,2021-12-13,https://catalogue.data.gov.bc.ca/dataset/forest-tenure-map-notation-point,This is a spatial layer showing Ministry of Forests Map Notation Points. These are the the point spatial representation for a notation on the Forest Atlas which records the area of interest of other government agencies and individuals
Forest Tenure Road Section Amendment,Forest Tenures Branch,Open Government Licence - British Columbia,service,MULTIPLE,2026-09-24,https://catalogue.data.gov.bc.ca/dataset/forest-tenure-road-section-amendment,"This layer tracks amendments to the length of a section in a road tenure application (Road Permit, Forest Service Road, or Special Use Permit Road). NOTE: This layer does not represent the actual road on the ground. It represents where the application is geographically located"
Forest Tenure Timber Licence Remaining,Forest Tenures Branch,Open Government Licence - British Columbia,service,MULTIPLE,2021-12-13,https://catalogue.data.gov.bc.ca/dataset/forest-tenure-timber-licence-remaining,A spatial representation of the Map Blocks for Timber Licences after the elimination for that Map Block (if one exists) has been removed from the Map Block. Only active Map Blocks are included in this view
Harvesting Hauling Authority,Forest Tenures Branch,Open Government Licence - British Columbia,service,MULTIPLE,2026-09-24,https://catalogue.data.gov.bc.ca/dataset/harvesting-hauling-authority,"Information about the hauling permission for a timber tenure. For some Road Permits and Licences to Cut, no hauling permission is granted."
Natural Resource (NR) Areas,Forest Tenures Branch,Open Government Licence - British Columbia,service,MULTIPLE ORACLE_SDE WMS,2025-09-05,https://catalogue.data.gov.bc.ca/dataset/natural-resource-nr-areas,The spatial representation for a Natural Resource Area. An NR AREA is an amalgamation of all NR Regions within the supplied boundaries and acts as an administrative area to these regions as established by the Ministry. This dataset supersedes WHSE_ADMIN_BOUNDARIES.NRO_ADM_AREAS_SP 
Natural Resource (NR) Districts,Forest Tenures Branch,Open Government Licence - British Columbia,service,MULTIPLE ORACLE_SDE WMS,2025-09-05,https://catalogue.data.gov.bc.ca/dataset/natural-resource-nr-district,"The spatial representation for a Natural Resource (NR) District, that is an administrative area established by the Ministry, within NR Regions."
Natural Resource (NR) Regions,Forest Tenures Branch,Open Government Licence - British Columbia,service,MULTIPLE ORACLE_SDE WMS,2022-05-05,https://catalogue.data.gov.bc.ca/dataset/natural-resource-nr-regions,"The spatial representation for a Natural Resource (NR) Region, that is an administrative area established by the Ministry, within NR Areas. These boundaries are designated by the Lieutenant Governor in council and published as regulations which establishes the Ministry's management areas. This datas"
(7.5M) Bathymetric  - The Atlas of Canada Base Maps,GeoBC Branch,Open Government Licence - Canada,service,MULTIPLE,2021-12-10,https://catalogue.data.gov.bc.ca/dataset/7-5m-bathymetric-the-atlas-of-canada-base-maps,Contour lines representing values of equal elevation below mean sea level.
(7.5M) Boundary Lines  - The Atlas of Canada Base Maps,GeoBC Branch,Open Government Licence - Canada,service,MULTIPLE,2021-12-10,https://catalogue.data.gov.bc.ca/dataset/7-5m-boundary-lines-the-atlas-of-canada-base-maps,"lnternational boundaries, Canada/Greenland dividing line, or 200 mile fishing limit."
(7.5M) Drainage Lines  - The Atlas of Canada Base Maps,GeoBC Branch,Open Government Licence - Canada,service,MULTIPLE,2021-12-10,https://catalogue.data.gov.bc.ca/dataset/7-5m-drainage-lines-the-atlas-of-canada-base-maps,Features representing rivers and lakes.
(7.5M) Drainage Polygons  - The Atlas of Canada Base Maps,GeoBC Branch,Open Government Licence - Canada,service,MULTIPLE,2021-12-10,https://catalogue.data.gov.bc.ca/dataset/7-5m-drainage-polygons-the-atlas-of-canada-base-maps,Features representing rivers and lakes.
(7.5M) Major Cities - The Atlas of Canada Base Maps,GeoBC Branch,Open Government Licence - Canada,service,MULTIPLE,2023-11-05,https://catalogue.data.gov.bc.ca/dataset/7-5m-major-cities-the-atlas-of-canada-base-maps,Selection of populated places in Canada.
(7.5M) Major Railways - The Atlas of Canada Base Maps,GeoBC Branch,Open Government Licence - Canada,service,MULTIPLE,2021-12-10,https://catalogue.data.gov.bc.ca/dataset/7-5m-major-railways-the-atlas-of-canada-base-maps,"This spatial layer details line features that represent railways, compiled from the Canadian layer representing railways. This is not a multipart feature."
(7.5M) Major Railways - The Atlas of Canada Base Maps for BC,GeoBC Branch,Open Government Licence - Canada,service,MULTIPLE,2021-12-10,https://catalogue.data.gov.bc.ca/dataset/7-5m-major-railways-the-atlas-of-canada-base-maps-for-bc,"This spatial layer details line features that represent railways for only the extent of British Columbia, compiled from the Canadian layer representing railways. This is not a multipart feature."
(7.5M) Major Roads - The Atlas of Canada Base Maps,GeoBC Branch,Open Government Licence - Canada,service,MULTIPLE,2021-12-10,https://catalogue.data.gov.bc.ca/dataset/7-5m-major-roads-the-atlas-of-canada-base-maps,Major road features and ferry routes.
(7.5M) National Parks - The Atlas of Canada Base Maps,GeoBC Branch,Open Government Licence - Canada,service,MULTIPLE,2021-12-10,https://catalogue.data.gov.bc.ca/dataset/7-5m-national-parks-the-atlas-of-canada-base-maps,This spatial layer details polygon features that represent National Parks
(7.5M) Provinces and States - The Atlas of Canada Base Maps,GeoBC Branch,Open Government Licence - Canada,service,MULTIPLE,2021-12-10,https://catalogue.data.gov.bc.ca/dataset/7-5m-provinces-and-states-the-atlas-of-canada-base-maps,"Limits of the Canada land mass, provincial and territorial boundaries."
"Atlas of Canada 1:1,000,000 National Scale Data - Boundaries",GeoBC Branch,Open Government Licence - Canada,service,MULTIPLE,2025-05-16,https://catalogue.data.gov.bc.ca/dataset/atlas-of-canada-1-1-000-000-national-scale-data-boundaries,"The polygons in this dataset represent the terrestrial land base of British Columbia, suitable for mapping and analysis at the 1:1 million scale. Features are single part polygons; each island has its own record. The Atlas of Canada National Scale Data 1:1,000,000 Series consists of a number of data"
"Atlas of Canada 1:1,000,000 National Scale Data - Populated Places",GeoBC Branch,Open Government Licence - Canada,service,MULTIPLE,2025-05-16,https://catalogue.data.gov.bc.ca/dataset/atlas-of-canada-1-1-000-000-national-scale-data-populated-places,"This point dataset includes populated places within British Columbia, sourced from Statistics Canada. It is suitable for mapping and analysis at the 1:1 million scale. The Atlas of Canada National Scale Data 1:1,000,000 Series consists of a number of data sets that were compiled to be used for atlas"
"Atlas of Canada 1:1,000,000 National Scale Data - Rivers",GeoBC Branch,Open Government Licence - Canada,service,MULTIPLE,2025-05-16,https://catalogue.data.gov.bc.ca/dataset/atlas-of-canada-1-1-000-000-national-scale-data-rivers,"This linear dataset includes rivers in British Columbia, suitable for mapping and analysis at the 1:1 million scale. The Atlas of Canada National Scale Data 1:1,000,000 Series consists of a number of data sets that were compiled to be used for atlas large scale (1:1,000,000 to 1:4,000,000) mapping. "
"Atlas of Canada 1:1,000,000 National Scale Data - Roads",GeoBC Branch,Open Government Licence - Canada,service,MULTIPLE,2025-05-16,https://catalogue.data.gov.bc.ca/dataset/atlas-of-canada-1-1-000-000-national-scale-data-roads,"This dataset includes roads and ferry routes within British Columbia, suitable for mapping and analysis at the 1:1 million scale. Some ferry routes are identified as seasonal routes only. The Atlas of Canada National Scale Data 1:1,000,000 Series consists of a number of data sets that were compiled "
"Atlas of Canada 1:1,000,000 National Scale Data - Waterbodies",GeoBC Branch,Open Government Licence - Canada,service,MULTIPLE,2025-05-16,https://catalogue.data.gov.bc.ca/dataset/atlas-of-canada-1-1-000-000-national-scale-data-waterbodies,"This polygonal dataset contains fresh water lakes and rivers in British Columbia, suitable for mapping and analysis at the 1:1 million scale. It does not include the coastline; a feature that was previously included in 1:1 million lakes and rivers datasets. The coastline is included in the Atlas of "
"BC Annotation 1:2,000,000  (Digital Baseline Mapping)",GeoBC Branch,Open Government Licence - Canada,service,MULTIPLE,2023-04-20,https://catalogue.data.gov.bc.ca/dataset/bc-annotation-1-2-000-000-digital-baseline-mapping-,"Spatial annotation layer for 1:2,000,000 scale baseline mapping containing text for place names, etc."
"BC Basemap Annotation 1:6,000,000  (Digital Baseline Mapping)",GeoBC Branch,Open Government Licence - Canada,service,MULTIPLE,2023-04-20,https://catalogue.data.gov.bc.ca/dataset/bc-basemap-annotation-1-6-000-000-digital-baseline-mapping,"SDE annotation layer for 1:6,000,000 scale baseline mapping containing text for place names, etc."
BC Offshore Oil and Gas Seismic Profiles,GeoBC Branch,Open Government Licence - British Columbia,service,MULTIPLE,2025-03-06,https://catalogue.data.gov.bc.ca/dataset/bc-offshore-oil-and-gas-seismic-profiles,The locations of coastal British Columbia offshore oil and gas seismic profiles. There has not been any seismic done in the Queen Charlotte Basin since 1972. There currently exists a moreatorium on Oil and Gas exploration so there are no plans to do any more until the moratorium is lifter. The seism
BC Offshore Petroleum Grid,GeoBC Branch,Open Government Licence - British Columbia,service,MULTIPLE,2025-03-06,https://catalogue.data.gov.bc.ca/dataset/bc-offshore-petroleum-grid,"BC Offshore Petroleum Grid (lines), 1:50,000 NTS grid blocks covering Queen Charlotte Islands and Vancouver Island"
CHS High Water Mark Lines,GeoBC Branch,Open Government Licence - British Columbia,service,HTML MULTIPLE PDF,2026-09-24,https://catalogue.data.gov.bc.ca/dataset/chs-high-water-mark-lines,The Canadian Hydrographic Service (CHS) High Water Mark Lines provide alongshore and across-shore geomorphological and biological attributes of the high water mark shoreline. The lines are used in the CHS nautical charts to represent the level reached by sea water at high tide.
CHS Low Water Mark Lines,GeoBC Branch,Open Government Licence - British Columbia,service,HTML MULTIPLE PDF,2026-09-24,https://catalogue.data.gov.bc.ca/dataset/chs-low-water-mark-lines,The Canadian Hydrographic Service (CHS) Low Water Mark Lines provide alongshore and across-shore geomorphological and biological attributes of the low water mark shoreline. The lines are used in the CHS nautical charts to represent the level reached by sea water at low tide.
Coastal BC Bathymetry - Coastal Resource Information Management System (CRIMS),GeoBC Branch,Open Government Licence - British Columbia,service,MULTIPLE,2021-12-10,https://catalogue.data.gov.bc.ca/dataset/coastal-bc-bathymetry-coastal-resource-information-management-system-crims-,Coastal British Columbia bathymetry. Depth P - Photic 0-20m S - Shallow 20-200m M - Midepth 200 - 500 D - Deep 500-1000m A - Abyssal > 1000m X - unknown Blanks are land CRIMS is a legacy dataset of BC coastal resource data that was acquired in a systematic and synoptic manner from 1979 and was inter
Conservation Cross Reference Table,GeoBC Branch,Open Data Commons - Public Domain Dedication and Licence,service,MULTIPLE,2025-05-16,https://catalogue.data.gov.bc.ca/dataset/conservation-cross-reference-table,This cross-reference table provides a link between the provincial [__Conservation Lands__](https://catalogue.data.gov.bc.ca/dataset/conservation-lands) and [__NGO Conservation Areas__](https://catalogue.data.gov.bc.ca/dataset/ngo-conservation-areas-fee-simple). Overlap between the two datasets will 
Fish Processor Tenures - Coastal Resource Information Management System (CRIMS),GeoBC Branch,Open Government Licence - British Columbia,service,MULTIPLE,2026-05-03,https://catalogue.data.gov.bc.ca/dataset/fish-processor-tenures-coastal-resource-information-management-system-crims,"Information regarding processor facilities in British Columbia including location, company name and license tag information. CRIMS is a legacy dataset of BC coastal resource data that was acquired in a systematic and synoptic manner from 1979 and was intermittently updated throughout the years. Reso"
Freshwater Atlas - 20K-50K Stream Cross Reference Table,GeoBC Branch,Open Government Licence - British Columbia,service,HTML MULTIPLE PDF,2026-09-19,https://catalogue.data.gov.bc.ca/dataset/freshwater-atlas-20k-50k-stream-cross-reference-table,Contains all primary and secondary matches between 1:20K and 1:50K stream edges. This attribute table links the new Freshwater Atlas watershed codes with the existing 1:50K Watershed Atlas watershed codes for cross reference purposes
Freshwater Atlas - 20K-50K Waterbody Cross Reference Table,GeoBC Branch,Open Government Licence - British Columbia,service,HTML MULTIPLE PDF,2026-07-22,https://catalogue.data.gov.bc.ca/dataset/freshwater-atlas-20k-50k-waterbody-cross-reference-table,Contains all primary and secondary matches between 1:20K and 1:50K waterbody polygons. This attribute table links the new Freshwater Atlas watershed codes with the existing 1:50K Watershed Atlas watershed codes for cross reference purposes
Freshwater Atlas - Edge Type Codes,GeoBC Branch,Open Government Licence - British Columbia,service,HTML MULTIPLE PDF,2026-09-19,https://catalogue.data.gov.bc.ca/dataset/freshwater-atlas-edge-type-codes,Links the edge type codes used in the stream network layer with an English description used to categorize stream network features
Freshwater Atlas - Waterbody Type Codes,GeoBC Branch,Open Government Licence - British Columbia,service,HTML MULTIPLE PDF,2026-07-22,https://catalogue.data.gov.bc.ca/dataset/freshwater-atlas-waterbody-type-codes,Links the waterbody type codes used in the waterbody layers with an English description used to categorize waterbody features
Freshwater Atlas - Watershed Type Codes,GeoBC Branch,Open Government Licence - British Columbia,service,HTML MULTIPLE PDF,2026-07-22,https://catalogue.data.gov.bc.ca/dataset/freshwater-atlas-watershed-type-codes,Lookup table for watershed type codes
Glaciers,GeoBC Branch,Open Licence - University of Northern British Columbia,service,MULTIPLE OTHER WMS,2024-04-06,https://catalogue.data.gov.bc.ca/dataset/glaciers,Glaciers is a multi-part polygon dataset representing the 2021 extent of glaciers in British Columbia. This dataset may be used to represent the most current glacier extent for the province of British Columbia. It is anticipated that the dataset will be refreshed every few years based on more curren
Historical Glaciers,GeoBC Branch,Open Licence - University of Northern British Columbia,service,MULTIPLE OTHER WMS,2024-04-06,https://catalogue.data.gov.bc.ca/dataset/historical-glaciers,Historical Glaciers is a multi-part polygon dataset representing the circa 1985 extent of glaciers in British Columbia. Please refer to the [Glaciers](https://catalogue.data.gov.bc.ca/dataset/glaciers) dataset to represent recent glacier extent for the province of British Columbia. It is anticipated
Landsat Image Capture Date Polygon (SII),GeoBC Branch,Open Government Licence - British Columbia,service,MULTIPLE,2022-09-28,https://catalogue.data.gov.bc.ca/dataset/landsat-image-capture-date-polygon-sii,BTM ( Baseline Thematic Mapping) Landsat Image Catalogue Acquisition Dates. This polygon coverage contains the date of capture of the Landsat images making up the seamless BC Landsat image catalogue. This is not a multipart feature
Salmon Suitability Rating - Coastal Resource Information Management System (CRIMS),GeoBC Branch,Open Government Licence - British Columbia,service,HTML MULTIPLE PDF,2026-05-03,https://catalogue.data.gov.bc.ca/dataset/salmon-suitability-rating-coastal-resource-information-management-system-crims-,"Salmon Suitability Rating polygons are areas in the British Columbia coastal waters where a ""rating"" has been assigned for how suitable or appropriate the area is for salmon aquaculture. In addition to ratings for 'Good', 'Medium', 'Poor' and 'Not Advisable', some areas are also flagged as being sui"
Shellfish Aquaculture Plan Unit Boundaries,GeoBC Branch,Open Government Licence - British Columbia,service,MULTIPLE,2021-12-10,https://catalogue.data.gov.bc.ca/dataset/shellfish-aquaculture-plan-unit-boundaries,The boundaries of a unit of a Shellfish Aquaculture Plan within a Coastal Plan
Shoreunit Polygons (Unmapped),GeoBC Branch,Open Government Licence - British Columbia,service,MULTIPLE,2021-12-10,https://catalogue.data.gov.bc.ca/dataset/shoreunit-polygons-unmapped,A layer showing all polygon features that have not been mapped using the Physical shorezone Mapping system
Primary Care Network (PCN) Communities,"Integrated Analytics: Primary Care, Acute Care & Workforce",Open Government Licence - British Columbia,service,MULTIPLE,2025-06-26,https://catalogue.data.gov.bc.ca/dataset/primary-care-network-communities,The B.C. Ministry of Health Primary Care Network Communities are comprised of one or more [Primary Care Networks](https://catalogue.data.gov.bc.ca/dataset/f1d13836-76fa-4da3-99ad-c3a28080a7d8) (PCN). Each Primary Care Network is composed of a grouping of Community Health Service Areas (CHSAs). Datas
Primary Care Networks (PCN),"Integrated Analytics: Primary Care, Acute Care & Workforce",Open Government Licence - British Columbia,service,MULTIPLE,2025-06-27,https://catalogue.data.gov.bc.ca/dataset/primary-care-networks,The B.C. Ministry of Health Primary Care Networks represent grouped Community Health Service Areas (CHSAs) for the purpose of primary care administration. Dataset decommissioned until the PCNs are finalized.
Provincial Fish Ranges - Watersheds,Knowledge Management,Open Government Licence - British Columbia,service,MULTIPLE,2026-09-24,https://catalogue.data.gov.bc.ca/dataset/provincial-fish-ranges-watersheds,"This file contains a representation of 3rd order watersheds developed for the 1:50,000 BC Watershed Atlas with each watershed polygon coded for occurrence of freshwater fish species (including anadromous salmon in their freshwater stages). The initial fish species codes for presence/absence in each "
"WSA - The Major Drainage Regions of BC (50,000)",Knowledge Management,Open Government Licence - British Columbia,service,MULTIPLE,2022-09-23,https://catalogue.data.gov.bc.ca/dataset/wsa-the-major-drainage-regions-of-bc-50-000,"The Nine Major Drainage Areas of BC based on the 1:50,000 scale Canadian National Topographic Series of Maps."
"WSA - The Major Watershed Code Numbers of BC (50,000)",Knowledge Management,Open Government Licence - British Columbia,service,MULTIPLE,2022-09-23,https://catalogue.data.gov.bc.ca/dataset/wsa-the-major-watershed-code-numbers-of-bc-50-000,"Watershed polygons representing the Major Watershed Code Numbers of BC. Based on the 1:50,000 scale Canadian National Topographic Series of Maps."
"WSA - Water Feature Annotation (50,000)",Knowledge Management,Open Government Licence - British Columbia,service,MULTIPLE,2022-09-23,https://catalogue.data.gov.bc.ca/dataset/wsa-water-feature-annotation-50-000,"Hydrographic Annotation based on the 1:50,000 scale Canadian National Topographic Series of Maps."
Seral Stage & Patch Size Assessment Amalgamation Unit Cross Reference - Cariboo NR Region,Land Use Planning and Cumulative Effects - Cariboo,Open Government Licence - British Columbia,service,MULTIPLE,2026-05-06,https://catalogue.data.gov.bc.ca/dataset/seral-stage-patch-size-assessment-amalgamation-unit-cross-reference-cariboo-nr-region,This table cross references seral stage assessment amalgamation units and patch size assessment amalgamation units used in the Cariboo Natural Resource Region. 
Stream Classification Double Line for the Cariboo Region,Land Use Planning and Cumulative Effects - Cariboo,Open Government Licence - British Columbia,service,MULTIPLE,2026-05-06,https://catalogue.data.gov.bc.ca/dataset/stream-classification-double-line-for-the-cariboo-region,Double line streams from FC1 assigned a stream class
Stream Classification for the Cariboo Region,Land Use Planning and Cumulative Effects - Cariboo,Open Government Licence - British Columbia,service,MULTIPLE,2026-05-06,https://catalogue.data.gov.bc.ca/dataset/stream-classification-for-the-cariboo-region,"Six stream riparian classes ([STREAM_CLASS] = 1-6) based on presence of fish, occurrence in a community watershed and average channel width. [STREAM_CLASS] = 7 refers to unclassified streams. Stream classification is based on the 1995 Forest Practices Code Riparian Management Area Guidebook: http://"
Wetland Riparian Classes for the Cariboo Region,Land Use Planning and Cumulative Effects - Cariboo,Open Government Licence - British Columbia,service,MULTIPLE,2026-05-06,https://catalogue.data.gov.bc.ca/dataset/wetland-riparian-classes-for-the-cariboo-region,"Five riparian classes of wetlands (W1 to W5) based on whether the wetland is a simple wetland or wetland complex, wetland size, and biogeoclimatic unit in which the wetland occurs. Wetland classification is based on the 1995 Forest Practices Code Riparian Management Area Guidebook: http://www.llbc.l"
MTA - Mineral Titles Client Tenure XREF,Mineral Titles,Open Government Licence - British Columbia,service,MULTIPLE PDF,2026-09-24,https://catalogue.data.gov.bc.ca/dataset/mta-mineral-titles-client-tenure-xref,"A table that stores client numbers and their associated mineral, placer and coal title numbers. Used as a cross reference to the MTA - Mineral, Placer and Coal tenure SVW dataset."
Mining Regions,Mineral Titles,Open Government Licence - British Columbia,service,MULTIPLE ORACLE_SDE WMS,2023-07-04,https://catalogue.data.gov.bc.ca/dataset/mining-regions,"The spatial representation of the 5 Mining Regions for the Ministry of Energy, Mines and Low Carbon Innovation (EMLI). These administrative boundaries are derived from the 8 __[Natural Resource (NR) Regions](https://catalogue.data.gov.bc.ca/dataset/dfc492c0-69c5-4c20-a6de-2c9bc999301f)__ (https://ca"
Historical Open Range - 1963-1994,Range Branch,Open Government Licence - British Columbia,service,MULTIPLE WMS,2026-03-20,https://catalogue.data.gov.bc.ca/dataset/historical-open-range-1963-1994,Historical Open Range - 1963-1994 is a polygon layer that depicts grasslands and shrublands (originally designated as 'on land deemed with no potential for growing trees'). Data were derived from a (retired) Provincial Forest Cover Polygon dataset which was interpreted from air photos. Photograph an
Invasive Species Observations,Range Branch,Open Government Licence - British Columbia,service,MULTIPLE WMS,2026-03-20,https://catalogue.data.gov.bc.ca/dataset/invasive-species-observations,Polygon geometry for an invasive species observation. The polygon represents the area of the observation. An observation of an invasive species can be either positive or negative. Positive indicates the species was present at the time of the observation. Negative indicates the species was not presen
Recreation Opportunity Spectrum,Recreation Sites and Trails BC,Open Government Licence - British Columbia,service,MULTIPLE,2026-09-24,https://catalogue.data.gov.bc.ca/dataset/recreation-opportunity-spectrum,The spatial view REC OPP SPECTRUM INV SVW contains simple polygons that detail the level of remoteness of an area within the context of the recreation opportunity spectrum
Recreational Opportunity Spectrum Inventory,Recreation Sites and Trails BC,Open Government Licence - British Columbia,service,MULTIPLE,2026-09-24,https://catalogue.data.gov.bc.ca/dataset/recreational-opportunity-spectrum-inventory,"The ROS Inventory characterizes and represents recreation opportunities as mixes or combinations of settings and probable experience opportunities arranged along a continuum or spectrum of ROS classes. The spectrum is set out in terms of seven ROS classes as follows: Primitive (P), Semi-primitive No"
Douglas Fir Management for Mule Deer in the Cariboo Region,Regional Operations - Cariboo,Open Government Licence - British Columbia,service,MULTIPLE,2021-12-10,https://catalogue.data.gov.bc.ca/dataset/douglas-fir-management-for-mule-deer-in-the-cariboo-region,Douglas Fir Management for Mule Deer used in SRMP analysis
Flammulated Owl Habitat Suitability - Cariboo NR Region,Regional Operations - Cariboo,Open Government Licence - British Columbia,service,MULTIPLE WMS,2023-03-15,https://catalogue.data.gov.bc.ca/dataset/flammulated-owl-habitat-suitability-cariboo-nr-region,"This polygon dataset identifies the habitat suitability rating for Flammulated Owl (FLOW) within the Cariboo Natural Resource Region. The habitat suitability rating is based on Biogeoclimatic Ecosystem Classification (BEC), forest age class, crown closure, tree species, harvest activity, silvicultur"
Habitat Capability for the Cariboo Region,Regional Operations - Cariboo,Open Government Licence - British Columbia,service,MULTIPLE,2021-12-10,https://catalogue.data.gov.bc.ca/dataset/habitat-capability-for-the-cariboo-region,"Capability mapping showing provincially significant winter ranges from CORE for moose, bighorn sheep, mule deer, goat, black bear, grizzly bear and caribou. Disclaimer: This is older strategic scale mapping information that may be superseded in some areas with more detailed TEM mapping information"
Moose Management for the Cariboo Region,Regional Operations - Cariboo,Open Government Licence - British Columbia,service,MULTIPLE,2021-12-10,https://catalogue.data.gov.bc.ca/dataset/moose-management-for-the-cariboo-region,Outline of Moose Habitat area (important grizzly area too)
Northern Goshawk Forage Habitat Suitability - Cariboo NR Region,Regional Operations - Cariboo,Open Government Licence - British Columbia,service,MULTIPLE WMS,2023-03-15,https://catalogue.data.gov.bc.ca/dataset/northern-goshawk-forage-habitat-suitability-cariboo-nr-region,This hexagonal polygon dataset identifies potential suitable foraging habitat for Northern Goshawk (NOGO) within the Cariboo Natural Resource Region. 
Northern Goshawk Nesting Habitat Suitability - Cariboo NR Region,Regional Operations - Cariboo,Open Government Licence - British Columbia,service,MULTIPLE WMS,2023-03-15,https://catalogue.data.gov.bc.ca/dataset/northern-goshawk-nesting-habitat-suitability-cariboo-nr-region,This hexagonal polygon dataset identifies potential suitable nesting habitat for Northern Goshawk (NOGO) within the Cariboo Natural Resource Region.
Sheep Wintering Habitat for the Cariboo Region,Regional Operations - Cariboo,Open Government Licence - British Columbia,service,MULTIPLE,2021-12-10,https://catalogue.data.gov.bc.ca/dataset/sheep-wintering-habitat-for-the-cariboo-region,"Polygon coverage, based on points coverage created from telemetry and survey data"
Snowpack for the Cariboo Region,Regional Operations - Cariboo,Open Government Licence - British Columbia,service,MULTIPLE PDF,2026-06-03,https://catalogue.data.gov.bc.ca/dataset/snowpack-for-the-cariboo-region,Snowpack classification for the Cariboo Region (based on 2014 biogeoclimatic zones)
Summer Limnology Survey Sites for the Cariboo Region,Regional Operations - Cariboo,Open Government Licence - British Columbia,service,MULTIPLE,2025-08-15,https://catalogue.data.gov.bc.ca/dataset/summer-limnology-survey-sites-for-the-cariboo-region,Lake summer survey sites in the Cariboo Region
Tourism Facilities for the Cariboo Region,Regional Operations - Cariboo,Open Government Licence - British Columbia,service,MULTIPLE,2021-12-10,https://catalogue.data.gov.bc.ca/dataset/tourism-facilities-for-the-cariboo-region,"Tourism use points of accomodations, satellite camps, attractions, and features"
Tourism Feature Areas for the Cariboo Region,Regional Operations - Cariboo,Open Government Licence - British Columbia,service,MULTIPLE,2021-12-10,https://catalogue.data.gov.bc.ca/dataset/tourism-feature-areas-for-the-cariboo-region,Tourism use polygons of lakes and areas of trails
Winter Limnology Sites for the Cariboo Region,Regional Operations - Cariboo,Open Government Licence - British Columbia,service,MULTIPLE,2025-08-15,https://catalogue.data.gov.bc.ca/dataset/winter-limnology-sites-for-the-cariboo-region,Winter limnologoy (mean oxygen) sites in the Cariboo Region
Domestic Watersheds - KBLUP,Regional Operations - Kootenay Boundary,Open Government Licence - British Columbia,service,MULTIPLE,2021-12-10,https://catalogue.data.gov.bc.ca/dataset/domestic-watersheds-kblup,Domestic Watersheds for the Kootenay Boundary Landuse Plan (ldws_r4)
Guide Outfitter Cabins - Kootenay Region,Regional Operations - Kootenay Boundary,Open Government Licence - British Columbia,service,MULTIPLE,2021-12-10,https://catalogue.data.gov.bc.ca/dataset/guide-outfitter-cabins-kootenay-region,Guide Outfitter Existing Cabins for the Kootenay Region (qgotcbr4)
Operability - Boundary TSA,Regional Operations - Kootenay Boundary,Open Government Licence - British Columbia,service,MULTIPLE,2025-03-06,https://catalogue.data.gov.bc.ca/dataset/operability-boundary-tsa,Operability for the Boundary TSA and TFL 8 (topr_bd)
Operability - Cranbrook TSA,Regional Operations - Kootenay Boundary,Open Government Licence - British Columbia,service,MULTIPLE,2025-03-06,https://catalogue.data.gov.bc.ca/dataset/operability-cranbrook-tsa,Operability for the Cranbrook TSA (dcb_op_2003)
Operability - Golden TSA,Regional Operations - Kootenay Boundary,Open Government Licence - British Columbia,service,MULTIPLE,2025-03-06,https://catalogue.data.gov.bc.ca/dataset/operability-golden-tsa,Operability for the Golden TSA (topr_gd)
Operability - Revelstoke TSA,Regional Operations - Kootenay Boundary,Open Government Licence - British Columbia,service,MULTIPLE,2025-03-06,https://catalogue.data.gov.bc.ca/dataset/operability-revelstoke-tsa,Operability for the Revelstoke TSA (topr_rv)
Outside Boundary of Class 3 Domestic Watersheds - Kootenay Region,Regional Operations - Kootenay Boundary,Open Government Licence - British Columbia,service,MULTIPLE,2021-12-10,https://catalogue.data.gov.bc.ca/dataset/outside-boundary-of-class-3-domestic-watersheds-kootenay-region,Outside boundaries of class 3 domestic watersheds for the Kootenay Region (tpar_r4)
Terrestrial Ecosystem Mapping - Brewer Cr,Regional Operations - Kootenay Boundary,Open Government Licence - British Columbia,service,MULTIPLE,2021-12-10,https://catalogue.data.gov.bc.ca/dataset/terrestrial-ecosystem-mapping-brewer-cr,Terrestrial Ecosystem Mapping for Brewer Creek in the Rocky Mountain Forest District (ttem_br)
Terrestrial Ecosystem Mapping - Broadwater,Regional Operations - Kootenay Boundary,Open Government Licence - British Columbia,service,MULTIPLE,2021-12-10,https://catalogue.data.gov.bc.ca/dataset/terrestrial-ecosystem-mapping-broadwater,Terrestrial Ecosystem Mapping for Broadwater in the Arrow Boundary Forest District (ttem_bw)
Terrestrial Ecosystem Mapping - Bull Mtn,Regional Operations - Kootenay Boundary,Open Government Licence - British Columbia,service,MULTIPLE,2021-12-10,https://catalogue.data.gov.bc.ca/dataset/terrestrial-ecosystem-mapping-bull-mtn,Terrestrial Ecosystem Mapping for Bull Mountain in the Rocky Mountain Forest District (ttem_bm)
Terrestrial Ecosystem Mapping - Cummins River,Regional Operations - Kootenay Boundary,Open Government Licence - British Columbia,service,MULTIPLE,2021-12-10,https://catalogue.data.gov.bc.ca/dataset/terrestrial-ecosystem-mapping-cummins-river,Terrestrial Ecosystem Mapping for Cummins River in the Columbia Forest District (ttem_cr)
Terrestrial Ecosystem Mapping - East Columbia Lake,Regional Operations - Kootenay Boundary,Open Government Licence - British Columbia,service,MULTIPLE,2021-12-10,https://catalogue.data.gov.bc.ca/dataset/terrestrial-ecosystem-mapping-east-columbia-lake,Terrestrial Ecosystem Mapping for East Columbia Lake in the Rocky Mountain Forest District (ttem_ec)
Terrestrial Ecosystem Mapping - Fort Sheppard,Regional Operations - Kootenay Boundary,Open Government Licence - British Columbia,service,MULTIPLE,2021-12-10,https://catalogue.data.gov.bc.ca/dataset/terrestrial-ecosystem-mapping-fort-sheppard,Terrestrial Ecosystem Mapping for Fort Sheppard in the Arrow Boundary Forest District (ttem_fs)
Terrestrial Ecosystem Mapping - Fort Sheppard - Sample Plots,Regional Operations - Kootenay Boundary,Open Government Licence - British Columbia,service,MULTIPLE,2021-12-10,https://catalogue.data.gov.bc.ca/dataset/terrestrial-ecosystem-mapping-fort-sheppard-sample-plots,Terrestrial Ecosystem Mapping Sample Plot Locations for Fort Sheppard in the Arrow Boundary Forest District (ttems_fs)
Terrestrial Ecosystem Mapping - MT Broadwood Heritage Cons Area,Regional Operations - Kootenay Boundary,Open Government Licence - British Columbia,service,MULTIPLE,2021-12-10,https://catalogue.data.gov.bc.ca/dataset/terrestrial-ecosystem-mapping-mt-broadwood-heritage-cons-area,Terrestrial Ecosystem Mapping for Mt Broadwood Heritage Conservation Area in the Rocky Mountain Forest District (ttem_bd)
Terrestrial Ecosystem Mapping - Sheep Mtn,Regional Operations - Kootenay Boundary,Open Government Licence - British Columbia,service,MULTIPLE,2021-12-10,https://catalogue.data.gov.bc.ca/dataset/terrestrial-ecosystem-mapping-sheep-mtn,Terrestrial Ecosystem Mapping for Sheep Mountain in the Rocky Mountain Forest District (ttem_sh)
Terrestrial Ecosystem Mapping - Steam Boat Mtn,Regional Operations - Kootenay Boundary,Open Government Licence - British Columbia,service,MULTIPLE,2021-12-10,https://catalogue.data.gov.bc.ca/dataset/terrestrial-ecosystem-mapping-steam-boat-mtn,Terrestrial Ecosystem Mapping for Steam Boat Mountain in the Rocky Mountain Forest District (ttem_st)
Terrestrial Ecosystem Mapping - Stoddart Creek,Regional Operations - Kootenay Boundary,Open Government Licence - British Columbia,service,MULTIPLE,2021-12-10,https://catalogue.data.gov.bc.ca/dataset/terrestrial-ecosystem-mapping-stoddart-creek,Terrestrial Ecosystem Mapping for Stoddart Creek in the Rocky Mountain Forest District (ttem_sc)
Terrestrial Ecosystem Mapping - TFL 14 / Spillimachine,Regional Operations - Kootenay Boundary,Open Government Licence - British Columbia,service,MULTIPLE,2021-12-10,https://catalogue.data.gov.bc.ca/dataset/terrestrial-ecosystem-mapping-tfl-14-spillimachine,Terrestrial Ecosystem Mapping for Tree Farm License 14 / Spllimachine in the Rocky Mountain Forest District (ttem_t14)
Terrestrial Ecosystem Mapping - Wilson/Stagleap Creeks,Regional Operations - Kootenay Boundary,Open Government Licence - British Columbia,service,MULTIPLE,2021-12-10,https://catalogue.data.gov.bc.ca/dataset/terrestrial-ecosystem-mapping-wilson-stagleap-creeks,Terrestrial Ecosystem Mapping for Wilson / Stagleap Creeks in the Arrow Boundary Forest District (ttem_ws)
Trapline Cabins - Kootenay Region,Regional Operations - Kootenay Boundary,Open Government Licence - British Columbia,service,MULTIPLE,2021-12-10,https://catalogue.data.gov.bc.ca/dataset/trapline-cabins-kootenay-region,Existing and Cancelled Trapline Cabin Sites within the Kootenay Region (qtrpcbr4).
Wildlife Mgmt Units - Kootenay Region,Regional Operations - Kootenay Boundary,Open Government Licence - British Columbia,service,MULTIPLE,2021-12-10,https://catalogue.data.gov.bc.ca/dataset/wildlife-mgmt-units-kootenay-region,Wildlife Management Units for the Kootenay Region
Muskwa Kechika Access Routes (Line),Regional Operations - Northeast,Open Government Licence - British Columbia,service,MULTIPLE,2023-01-30,https://catalogue.data.gov.bc.ca/dataset/muskwa-kechika-access-routes-line,Muskwa-Kechika Access Management Area Access Routes
Ungulate Winter Range - Draft - Peace Region,Regional Operations - Northeast,Open Government Licence - British Columbia,service,MULTIPLE,2022-10-05,https://catalogue.data.gov.bc.ca/dataset/ungulate-winter-range-draft-peace-region,A mapped draft area of habitat with associated species-specific management requirements with the intent to become approved under the authority of the Forest Practices Code and the Forest and Range Practices Act. A mapped area of habitat required for the winter survival of ungulate species. Associate
Biodiversity Corridors Kamloops Forest District (legacy),Regional Operations - Thompson Okanagan,Open Government Licence - British Columbia,service,MULTIPLE,2025-06-12,https://catalogue.data.gov.bc.ca/dataset/biodiversity-corridors-kamloops-forest-district-legacy-,"Biodiversity Corridors in the Kamloops Forest District showing dispersal routes of wildlife. This data is a legacy dataset, circa 1998, from the Ministry of Forests Forest Development Plan (FDP) datasets. Additional details are unknown. For historical reference."
Caribou Movement Corridors Clearwater Forest District - Lines,Regional Operations - Thompson Okanagan,Open Government Licence - British Columbia,service,MULTIPLE,2023-06-12,https://catalogue.data.gov.bc.ca/dataset/caribou-movement-corridors-clearwater-forest-district-lines,Caribou Movement Corridors within the Clearwater Forest District - Lines
Elk Connectivity Corridors Merritt TSA,Regional Operations - Thompson Okanagan,Open Government Licence - British Columbia,service,MULTIPLE,2026-07-03,https://catalogue.data.gov.bc.ca/dataset/elk-connectivity-corridors-merritt-tsa,Elk Connectivity Corridors within the Merritt Timber Supply Area
Elk Corridors Merritt TSA,Regional Operations - Thompson Okanagan,Open Government Licence - British Columbia,service,MULTIPLE,2026-07-03,https://catalogue.data.gov.bc.ca/dataset/elk-corridors-merritt-tsa,Elk corridors within the Merritt Timber Supply Area
Fish Distribution Habitat Reconnaisance Lillooet TSA,Regional Operations - Thompson Okanagan,Open Government Licence - British Columbia,service,MULTIPLE,2021-12-10,https://catalogue.data.gov.bc.ca/dataset/fish-distribution-habitat-reconnaisance-lillooet-tsa,"Fish Habitat Reconnaisance Survey - Fraser Tributaries, Yalakom River, and Tyaughton Creek Watersheds"
Fish Distribution Okanagan Shuswap TSA,Regional Operations - Thompson Okanagan,Open Government Licence - British Columbia,service,MULTIPLE,2021-12-10,https://catalogue.data.gov.bc.ca/dataset/fish-distribution-okanagan-shuswap-tsa,Known fish distribution for the Okanagan Shuswap TSA
Kokanee Shore Spawner REDDS Data - Okanagan Region,Regional Operations - Thompson Okanagan,Open Government Licence - British Columbia,service,MULTIPLE,2026-07-03,https://catalogue.data.gov.bc.ca/dataset/kokanee-shore-spawner-redds-data-okanagan-region,"The Okanagan Lake kokanee shore spawner data set is comprised of two combined data sets. The historical data set for the years 1974, 77, 78, 79 and 80 and a more recent data set collected from 2001 to 2009. The historical data was derived from information collected in the field and hand drawn onto a"
Lakeshore Management Zones For Classified Lakes Merritt TSA,Regional Operations - Thompson Okanagan,Open Government Licence - British Columbia,service,MULTIPLE,2021-12-10,https://catalogue.data.gov.bc.ca/dataset/lakeshore-management-zones-for-classified-lakes-merritt-tsa,Lakeshore management zones for classified lakes in the Merritt TSA
North Thompson Caribou Habitat Clearwater Forest District,Regional Operations - Thompson Okanagan,Open Government Licence - British Columbia,service,MULTIPLE,2023-06-12,https://catalogue.data.gov.bc.ca/dataset/north-thompson-caribou-habitat-clearwater-forest-district,North Thompson Caribou Habitat within the Clearwater Forest District
Okanagan Lake Reach Breaks,Regional Operations - Thompson Okanagan,Open Government Licence - British Columbia,service,MULTIPLE,2026-07-03,https://catalogue.data.gov.bc.ca/dataset/okanagan-lake-reach-breaks,"Set of arbitrary location points, usually set at landmarks (definable points on the lake shoreline such as shoreline points, docks, houses etc) to break the lake into identifiable areas to help fish counting crews to identify where they are on the lake"
Park Structures (camps and cabins) in the Okanagan Region,Regional Operations - Thompson Okanagan,Open Government Licence - British Columbia,service,MULTIPLE,2021-12-10,https://catalogue.data.gov.bc.ca/dataset/park-structures-camps-and-cabins-in-the-okanagan-region,"Cabin and back country camp sites located within Cascade, Cathedral and E.C. Manning Provincial Park"
Potential Moose Habitat Lillooet Forest District,Regional Operations - Thompson Okanagan,Open Government Licence - British Columbia,service,MULTIPLE,2021-12-10,https://catalogue.data.gov.bc.ca/dataset/potential-moose-habitat-lillooet-forest-district,Non-Productive Forest: Potential Moose Habitat within the Lillooet Timber Supply Area
Rose Swanson Sensitive Area Vernon Forest District,Regional Operations - Thompson Okanagan,Open Government Licence - British Columbia,service,MULTIPLE,2022-09-22,https://catalogue.data.gov.bc.ca/dataset/rose-swanson-sensitive-area-vernon-forest-district,Boundary of Rose Swanson sensitive area within the Vernon Forest District
Sheep Winter Range for the Kamloops TSA,Regional Operations - Thompson Okanagan,Open Government Licence - British Columbia,service,MULTIPLE,2021-12-10,https://catalogue.data.gov.bc.ca/dataset/sheep-winter-range-for-the-kamloops-tsa,Proposed Sheep Winter Range of the Kamloops TSA
Sheep Winter Range for the Okanagan TSA,Regional Operations - Thompson Okanagan,Open Government Licence - British Columbia,service,MULTIPLE,2021-12-10,https://catalogue.data.gov.bc.ca/dataset/sheep-winter-range-for-the-okanagan-tsa,Proposed Sheep Winter Range for the Okanagan TSA
South Okanagan Conservation Stragegy Wildlife Reserves,Regional Operations - Thompson Okanagan,Open Government Licence - British Columbia,service,MULTIPLE,2021-12-10,https://catalogue.data.gov.bc.ca/dataset/south-okanagan-conservation-stragegy-wildlife-reserves,South Okanagan Conservation Stragegy Wildlife Reserves
South Okanagan Similkameen Conservation Program Bndry SOSCP,Regional Operations - Thompson Okanagan,Open Government Licence - British Columbia,service,MULTIPLE,2022-09-23,https://catalogue.data.gov.bc.ca/dataset/south-okanagan-similkameen-conservation-program-bndry-soscp,South Okanagan Similkameen Conservation Program (SOSCP) boundary circa year 2000.
Stoyoma Wilderness Area Merritt TSA,Regional Operations - Thompson Okanagan,Open Government Licence - British Columbia,service,MULTIPLE,2021-12-10,https://catalogue.data.gov.bc.ca/dataset/stoyoma-wilderness-area-merritt-tsa,Stoyoma Wilderness Area within the Merrit Timber Supply Area
Walk In Lakes and Surrounding Buffers Clearwater FD,Regional Operations - Thompson Okanagan,Open Government Licence - British Columbia,service,MULTIPLE,2025-12-08,https://catalogue.data.gov.bc.ca/dataset/walk-in-lakes-and-surrounding-buffers-clearwater-fd,Walk-in lakes and the buffers around the walk-in lakes within the old Clearwater Forest District circa 2001. The old Clearwater Forest District became the northern part of the Thompson-Rivers Natural Resource District. Walk-in lakes were identified for non-motorized access only.
IDMI Project Boundary,Regional Operations - West Coast,Open Government Licence - British Columbia,service,MULTIPLE,2021-12-10,https://catalogue.data.gov.bc.ca/dataset/idmi-project-boundary,IDMI project boundary
Snow Basin Indices Map,River Forecast Centre,Open Government Licence - British Columbia,service,ARCGIS_REST,2022-09-15,https://catalogue.data.gov.bc.ca/dataset/snow-basin-indices-map,"This is a map of current snow basin indices across British Columbia. Snow basin index mapping is based on analysis from the River Forecast Centre, and is meant to accompany the Snow Conditions and Water Supply Bulletins that are published for data from January 1st, February 1st, March 1st, April 1st"
Non-TRIM Hydrography,Water Management,Open Government Licence - British Columbia,service,MULTIPLE,2026-09-24,https://catalogue.data.gov.bc.ca/dataset/non-trim-hydrography,"Province-wide SDE layer showing licensed water sources (streams and lakes), under the Water Act, (current and historical), not captured (displayed) on TRIM base mapping (or Freshwater Atlas base mapping). Includes an attribute for the internal Source Code number, which is associated with the (E-Lice"
Limited Entry Hunting (LEH) Zones - Current Opportunities Polygon,Wildlife,Open Government Licence - British Columbia,service,MULTIPLE WMS,2026-08-27,https://catalogue.data.gov.bc.ca/dataset/limited-entry-hunting-leh-zones-current-opportunities-polygon,"Current Limited Entry Hunting (LEH) Zones polygons are hunting opportunities created via a lottery, and the details are found in the LEH Synopsis. Participation in the LEH draw is available to any resident of BC who legally possesses a BC Resident Hunter Number. The purpose of Limited Entry Hunting "
